Date,Open,High,Low,Close,Volume
3/01/2023 16:00:00,"82,47","83,84","82,26","83,72",8997534
4/01/2023 16:00:00,"84,2","85,17","83,64","84,48",7836238
5/01/2023 16:00:00,85,"85,4","83,22","84,31",7643784
6/01/2023 16:00:00,"84,74","86,34","83,82","85,66",8641597
9/01/2023 16:00:00,"86,84","87,59","86,16","86,42",7519836
10/01/2023 16:00:00,"85,64","86,61","85,57","86,5",5703270
11/01/2023 16:00:00,"87,37","88,66","87,09","88,6",8359667
12/01/2023 16:00:00,"88,7","89,2","88,17","88,78",6071099
13/01/2023 16:00:00,"87,95","89,47","87,66","89,2",5090938
17/01/2023 16:00:00,"89,19","89,44","88,43","88,6",6550412
18/01/2023 16:00:00,"88,6","88,63","86,6","86,71",6397707
19/01/2023 16:00:00,"86,4","86,99","85,26","85,94",5597039
20/01/2023 16:00:00,"86,03","87,38","85,5","87,25",5567493
23/01/2023 16:00:00,"87,19","89,13","86,97","88,97",7390256
24/01/2023 16:00:00,"89,05","90,1",88,"89,7",7004581
25/01/2023 16:00:00,"88,7","89,86","87,74","89,64",5896812
26/01/2023 16:00:00,"89,89","90,49","89,09","89,83",7302869
27/01/2023 16:00:00,"89,5","89,72","88,96","88,99",5676836
30/01/2023 16:00:00,"88,47","88,62","86,99","87,35",6255306
31/01/2023 16:00:00,"87,69","88,48","87,35","88,46",6200413
1/02/2023 16:00:00,"88,37","90,65","88,21","90,05",6141252
2/02/2023 16:00:00,"90,66","91,22","88,95","89,38",8269151
3/02/2023 16:00:00,"88,47","90,26","88,27","89,62",5671823
6/02/2023 16:00:00,"89,51","89,61","88,4","88,53",4097311
7/02/2023 16:00:00,"87,87","88,02","86,3","87,74",9226071
8/02/2023 16:00:00,"86,93","87,92","86,51","86,69",7624398
9/02/2023 16:00:00,"87,14","87,9","86,33","86,65",4960391
10/02/2023 16:00:00,"86,53","87,38","86,34","87,14",5318403
13/02/2023 16:00:00,"87,28","89,45","87,2","89,42",5560902
14/02/2023 16:00:00,89,"89,41","87,71","89,09",7484776
15/02/2023 16:00:00,"88,85","89,21","88,03","88,34",4330547
16/02/2023 16:00:00,"87,46","88,27","87,01","87,72",5942533
17/02/2023 16:00:00,"87,2","87,43","86,51","87,28",6398487
21/02/2023 16:00:00,"86,76","86,94","86,15","86,2",5260328
22/02/2023 16:00:00,"86,68","87,18","85,98","86,32",5840102
23/02/2023 16:00:00,"87,15","89,48","87,06","88,58",8637135
24/02/2023 16:00:00,"87,31","88,89","87,14","88,66",7659188
27/02/2023 16:00:00,"88,86","88,97","87,36","87,96",6748861
28/02/2023 16:00:00,"87,7","88,01","87,18","87,4",7468234
1/03/2023 16:00:00,"86,9","87,21","85,99","86,34",5119757
2/03/2023 16:00:00,"86,06","87,28","85,87","86,97",5293599
3/03/2023 16:00:00,"87,32","89,29","87,08","89,25",5498531
6/03/2023 16:00:00,"89,41","90,67","89,15","89,74",7424800
7/03/2023 16:00:00,"89,58","90,08","88,05","88,36",5382366
8/03/2023 16:00:00,"88,4","89,09","88,15","88,49",5159208
9/03/2023 16:00:00,"88,33","89,64","86,53","86,87",10572293
10/03/2023 16:00:00,"84,41","85,25","82,88","84,07",16029345
13/03/2023 16:00:00,"83,32","85,53","82,04","84,93",10299942
14/03/2023 16:00:00,"85,93","85,93","83,43","84,56",8732248
15/03/2023 16:00:00,"83,08","83,37","82,12","82,98",11463010
16/03/2023 16:00:00,"82,92","85,11","82,08","84,82",10149163
17/03/2023 16:00:00,85,"85,98","84,61","85,26",13066028
20/03/2023 16:00:00,"85,28","87,51","85,25","86,96",9177289
21/03/2023 16:00:00,"87,49","87,85","86,66","87,58",6683731
22/03/2023 16:00:00,"87,54","89,16","87,44","87,9",7233663
23/03/2023 16:00:00,"88,65","89,64","87,64","87,78",10747139
24/03/2023 16:00:00,"87,98","88,48","87,51","88,01",5852248
27/03/2023 16:00:00,"88,62","90,5","88,55","90,14",8170050
28/03/2023 16:00:00,"90,22","90,88","89,48","89,85",6378927
29/03/2023 16:00:00,"90,13","90,66","89,81","90,62",5233647
30/03/2023 16:00:00,"90,85","91,18","89,71","90,51",5640690
31/03/2023 16:00:00,"90,56",93,"90,41","92,92",10476333
3/04/2023 16:00:00,"92,38",94,"92,09","93,92",8410872
4/04/2023 16:00:00,"93,85","94,02","92,93",94,6651475
5/04/2023 16:00:00,"93,62","95,11","93,48","94,89",7478750
6/04/2023 16:00:00,"94,33","96,08","93,99","95,92",9146244
10/04/2023 16:00:00,"94,68","95,11","93,55","93,76",8681735
11/04/2023 16:00:00,"93,46","94,13","93,2","93,97",8196049
12/04/2023 16:00:00,"94,38","95,32","93,6","93,9",8040306
13/04/2023 16:00:00,"94,18","95,75","93,94","95,55",6240215
14/04/2023 16:00:00,"95,5","95,99","94,68","95,71",6485060
17/04/2023 16:00:00,"95,64","95,99","95,31","95,59",4772486
18/04/2023 16:00:00,96,"96,74","95,77","96,47",7219366
19/04/2023 16:00:00,"95,59","96,47","95,59","95,81",4766371
20/04/2023 16:00:00,96,"96,15","94,6","94,83",5815527
21/04/2023 16:00:00,"95,01","95,31","94,26","95,15",7335787
24/04/2023 16:00:00,"95,34","96,08","94,97","95,44",4901783
25/04/2023 16:00:00,"95,14","95,7","94,02","94,06",5768842
26/04/2023 16:00:00,"93,75","94,81","93,34","93,71",6395726
27/04/2023 16:00:00,"94,31","95,09","93,29","95,04",5615746
28/04/2023 16:00:00,"94,27","95,4","94,24","94,72",8498551
1/05/2023 16:00:00,"94,8","95,73","94,7","94,87",5459865
2/05/2023 16:00:00,"94,93","95,24","93,85","94,8",5995080
3/05/2023 16:00:00,"95,07","95,42","94,54","94,78",6744810
4/05/2023 16:00:00,"94,98","95,12","94,41","94,97",5038200
5/05/2023 16:00:00,95,"97,31","94,83","96,97",8068571
8/05/2023 16:00:00,"97,08","97,28","96,44","96,79",5314753
9/05/2023 16:00:00,"96,2","96,89","96,1","96,14",6333498
10/05/2023 16:00:00,"96,79","97,68","96,26","97,52",5935280
11/05/2023 16:00:00,"97,54","97,63","96,34","97,44",5144541
12/05/2023 16:00:00,"97,61","97,92","96,93","97,85",4994703
15/05/2023 16:00:00,"97,87","97,96","97,05","97,26",4443811
16/05/2023 16:00:00,"97,17","98,85","96,92","98,25",6898204
17/05/2023 16:00:00,"98,78","100,4","98,43","99,77",9436009
18/05/2023 16:00:00,"99,77","102,46","99,73","102,34",10005725
19/05/2023 16:00:00,"102,39","103,07","101,92","102,84",8560257
22/05/2023 16:00:00,"102,48","103,1","101,73","101,77",5890481
23/05/2023 16:00:00,"101,07","101,43","98,47","98,54",10047261
24/05/2023 16:00:00,"97,95","98,88","97,29","98,32",6815861
25/05/2023 16:00:00,"99,2","104,66","98,77","104,29",16729608
26/05/2023 16:00:00,"104,35","106,23","104,03","104,08",13994064
30/05/2023 16:00:00,"104,9","105,98","104,19","105,15",10296707
31/05/2023 16:00:00,"104,47","106,49","104,15","105,94",13713520
1/06/2023 16:00:00,"104,88","106,61","104,78","105,99",7835885
2/06/2023 16:00:00,"106,52","106,77","105,75","105,89",8652377
5/06/2023 16:00:00,"105,89","107,6","105,53","106,93",7441981
6/06/2023 16:00:00,"106,81","107,49","106,15","107,1",7022994
7/06/2023 16:00:00,"107,14","108,37","104,84","105,25",9842484
8/06/2023 16:00:00,"105,67","107,79","105,35","107,48",9529126
9/06/2023 16:00:00,"107,7","110,15","107,41","109,85",12597073
12/06/2023 16:00:00,"114,34","117,51","114,34","116,43",39532005
13/06/2023 16:00:00,"123,32","123,99","116,02","116,68",39190916
14/06/2023 16:00:00,"116,5","122,51","115,74","122,27",26264249
15/06/2023 16:00:00,"121,95","127,54","121,66","126,55",27476726
16/06/2023 16:00:00,"127,14","127,4","125,15","125,46",19514667
20/06/2023 16:00:00,"124,45","125,25","121,96","122,04",16280340
21/06/2023 16:00:00,"121,95","123,36","120,36","122,1",17582950
22/06/2023 16:00:00,"121,61","122,59","120,07","120,58",12204559
23/06/2023 16:00:00,"119,59","119,9","118,14","118,64",19734336
26/06/2023 16:00:00,"117,99","119,43","116,7","116,78",8987034
27/06/2023 16:00:00,"116,57","118,46","116,26","117,84",6970419
28/06/2023 16:00:00,"116,78","118,62","116,39","116,53",9240450
29/06/2023 16:00:00,"115,65","117,8","114,63","117,78",9234347
30/06/2023 16:00:00,"119,84","121,73","119,03","119,09",13703101
3/07/2023 13:00:00,"118,01","118,25","116,83","117,15",4284699
5/07/2023 16:00:00,"116,52","117,01","115,41","115,96",8471859
6/07/2023 16:00:00,"114,67","115,81","114,64","115,45",7987217
7/07/2023 16:00:00,"114,84","115,98","114,49","114,61",7001618
10/07/2023 16:00:00,"114,28","115,03","113,66","114,38",6931013
11/07/2023 16:00:00,"114,2",115,"113,43","114,88",6118606
12/07/2023 16:00:00,"115,67","118,09","115,64","116,02",11011586
13/07/2023 16:00:00,"117,09","118,58","116,76","117,45",9359604
14/07/2023 16:00:00,"118,18","119,97","117,68","119,27",7723843
17/07/2023 16:00:00,"118,85","119,97","118,25","118,89",6736825
18/07/2023 16:00:00,"118,78","121,29","117,81","120,77",8906658
19/07/2023 16:00:00,"120,82","121,36","118,42","118,69",7609014
20/07/2023 16:00:00,"117,49","119,05","115,23","115,88",12913026
21/07/2023 16:00:00,"116,49","119,27","116,21","117,65",9159643
24/07/2023 16:00:00,"117,94","118,54","116,73","118,07",6200393
25/07/2023 16:00:00,"117,98","118,51","116,81","117,95",6266278
26/07/2023 16:00:00,"117,42","117,62",115,"115,5",8159988
27/07/2023 16:00:00,"117,55","117,6","115,64","116,4",7843027
28/07/2023 16:00:00,"116,68","117,3","115,65","115,99",6912012
31/07/2023 16:00:00,"116,43","117,24","115,83","117,23",6708458
1/08/2023 16:00:00,"116,92","118,04","116,48","117,91",5250652
2/08/2023 16:00:00,"116,92","116,98","114,32","115,71",6387789
3/08/2023 16:00:00,"115,24","116,17","114,26","114,55",5215848
4/08/2023 16:00:00,"115,34","116,4","114,26","114,44",5579319
7/08/2023 16:00:00,"115,47","116,38","115,07","116,1",7347041
8/08/2023 16:00:00,"115,04","115,61","114,22","115,23",4694781
9/08/2023 16:00:00,"115,34","115,71","112,33","113,1",6542427
10/08/2023 16:00:00,"113,78","115,09","112,48","112,99",6004125
11/08/2023 16:00:00,"112,39","113,48","111,13","113,06",5288879
14/08/2023 16:00:00,"113,18","115,81","113,15","115,57",6494216
15/08/2023 16:00:00,"115,45","118,06","114,84","117,29",10412160
16/08/2023 16:00:00,"117,16","117,81","115,27","115,34",5721951
17/08/2023 16:00:00,"115,74","116,78","114,36","114,88",6183897
18/08/2023 16:00:00,"114,5","116,99","113,95","116,46",9412775
21/08/2023 16:00:00,"116,9","117,35","115,19","116,59",5811160
22/08/2023 16:00:00,"117,51","117,68","115,73","116,54",4961062
23/08/2023 16:00:00,"117,1","120,45","112,11","117,84",16517285
24/08/2023 16:00:00,"119,68","119,73","112,41","112,91",11995894
25/08/2023 16:00:00,"112,91","116,15","112,74","116,06",8758141
28/08/2023 16:00:00,"116,37","117,71","115,7","116,84",4514753
29/08/2023 16:00:00,"120,95","121,21","118,53","120,65",11920537
30/08/2023 16:00:00,"120,72","121,74","120,15","121,12",5601778
31/08/2023 16:00:00,121,"121,98","120,12","120,39",9109806
1/09/2023 16:00:00,"121,01","121,69","120,09","120,93",6190045
5/09/2023 16:00:00,"122,44","124,28","121,18","123,98",11089638
6/09/2023 16:00:00,"123,06","124,58","122,73","124,33",8728483
7/09/2023 16:00:00,"123,83","125,96","122,59","125,09",11864401
8/09/2023 16:00:00,"124,8","126,69","124,35","126,32",10612971
11/09/2023 16:00:00,"127,02","127,42","124,72","126,71",22155564
12/09/2023 16:00:00,"112,08","113,3","107,3","109,61",68605745
13/09/2023 16:00:00,"108,32","112,94","108,2","111,84",27170953
14/09/2023 16:00:00,"113,5","115,14","111,95","113,66",19849654
15/09/2023 16:00:00,"114,19","115,2","112,5","113,91",23215012
18/09/2023 16:00:00,"113,42","114,47","111,58","112,21",11744057
19/09/2023 16:00:00,"112,48","113,74","111,71","112,77",9536119
20/09/2023 16:00:00,"112,81","114,7","112,46","112,87",8779955
21/09/2023 16:00:00,"111,51","112,5","109,33","109,43",12653515
22/09/2023 16:00:00,"109,99","110,6","108,51","109,03",11152050
25/09/2023 16:00:00,"108,45","108,65","107,5","108,3",8410012
26/09/2023 16:00:00,"107,14","107,4","104,31","104,88",13209049
27/09/2023 16:00:00,105,"105,28","103,35","104,62",8916439
28/09/2023 16:00:00,"104,03","106,6","103,27","106,15",7373621
29/09/2023 16:00:00,"107,11","107,37","105,38","105,92",7299109
2/10/2023 16:00:00,"105,81","106,73","105,29","106,71",5963457
3/10/2023 16:00:00,"106,42","106,5","103,54","104,52",8783327
4/10/2023 16:00:00,"104,96","107,3","104,5","107,08",8842650
5/10/2023 16:00:00,"106,97","108,44","106,19","108,35",7651479
6/10/2023 16:00:00,"107,93","110,53","107,58","109,96",8246950
9/10/2023 16:00:00,"110,75","110,97","109,47","110,32",6012363
10/10/2023 16:00:00,"110,21","111,06","109,62","109,71",6910436
11/10/2023 16:00:00,"109,51","110,06","108,83","109,64",5641686
12/10/2023 16:00:00,"109,95","110,92","108,88","109,11",6598533
13/10/2023 16:00:00,"109,19","109,51","107,79","108,25",5882175
16/10/2023 16:00:00,"108,95","109,59","108,31","108,71",5487985
17/10/2023 16:00:00,"107,58","109,79","106,9","109,04",5261788
18/10/2023 16:00:00,"108,4","109,73","107,86","108,25",5123946
19/10/2023 16:00:00,"108,63","110,22","108,19","108,34",7989244
20/10/2023 16:00:00,"106,99","107,04","100,66","101,85",21831362
23/10/2023 16:00:00,"102,04","104,69","102,01","103,66",10722584
24/10/2023 16:00:00,"103,95","104,46","102,5","103,2",6173992
25/10/2023 16:00:00,"102,7","103,67","101,01","101,43",7081685
26/10/2023 16:00:00,"101,69","102,39","99,87","100,4",7565581
27/10/2023 16:00:00,101,"102,09","100,59","100,99",5207854
30/10/2023 16:00:00,"101,14","102,41","100,82","101,65",5433719
31/10/2023 16:00:00,"102,01","103,52","101,1","103,4",6258385
1/11/2023 16:00:00,"103,8","106,2","103,8","105,75",8602440
2/11/2023 16:00:00,"106,45","107,22","105,57","106,87",5918301
3/11/2023 16:00:00,"107,17","109,07","106,62","108,05",7280025
6/11/2023 16:00:00,"108,06","109,21","107,44","109,11",6062799
7/11/2023 16:00:00,"109,99","110,38","108,58","108,99",7412638
8/11/2023 16:00:00,"109,23","112,56","109,19","112,33",10994910
9/11/2023 16:00:00,"112,4","113,31","111,61","112,18",6853941
10/11/2023 16:00:00,"112,09","113,18","111,14","113,07",5243795
13/11/2023 16:00:00,"113,07","114,49","112,78","114,15",5740466
14/11/2023 16:00:00,"114,86","116,46","114,45","116,1",6733655
15/11/2023 16:00:00,"116,15","116,31","113,93","114,06",7386240
16/11/2023 16:00:00,"113,76","115,87","113,47","114,67",7476084
17/11/2023 16:00:00,"114,61","115,64","114,16","115,36",4793121
20/11/2023 16:00:00,"115,65","117,15","115,51","116,92",5729247
21/11/2023 16:00:00,"117,21","117,67","115,68","116,08",5995308
22/11/2023 16:00:00,"116,7","117,29","115,51","116,24",4344743
24/11/2023 13:00:00,"116,49","116,59","115,34","116,25",2168187
27/11/2023 16:00:00,"116,01","116,77","115,45","116,47",5165309
28/11/2023 16:00:00,116,"116,8","115,87","116,24",4892619
29/11/2023 16:00:00,"117,34","117,58","115,96","116,21",6127312
30/11/2023 16:00:00,"116,86","117,23","115,18","116,21",11075593
1/12/2023 16:00:00,"116,07","117,35","115,26","117,16",5739833
4/12/2023 16:00:00,"116,27","116,68","114,55","115,78",5587538
5/12/2023 16:00:00,"114,57","115,27","113,81","114,53",5913562
6/12/2023 16:00:00,"114,94","114,99","111,93","112,03",7815722
7/12/2023 16:00:00,"112,41","113,03","111,81","112,87",6772848
8/12/2023 16:00:00,"112,01","113,64","111,59","113,61",7765999
11/12/2023 16:00:00,"113,77","115,35","113,61","115,13",19544239
12/12/2023 16:00:00,"102,7","104,95","100,69","100,81",57666473
13/12/2023 16:00:00,"101,08","103,1","99,26","102,99",29392208
14/12/2023 16:00:00,"101,87","102,25","99,87","100,31",22865164
15/12/2023 16:00:00,"99,69","103,99","99,36","103,32",30212316
18/12/2023 16:00:00,"103,41","106,16","102,91",105,13473124
19/12/2023 16:00:00,"104,98","106,34","104,8","106,25",10108507
20/12/2023 16:00:00,"105,95","106,09","104,05","104,15",9241956
21/12/2023 16:00:00,"104,7","105,93","104,52","105,86",8168010
22/12/2023 16:00:00,"105,7","106,49","105,46","106,2",5680031
26/12/2023 16:00:00,"106,52","106,65","105,34","106,19",5767415
27/12/2023 16:00:00,"106,32","106,33","105,56","105,94",5627364
28/12/2023 16:00:00,"106,01","106,61","105,58","106,25",5689057
29/12/2023 16:00:00,"106,6","106,92","104,78","105,43",6899695
2/01/2024 16:00:00,"104,52","104,68","102,44","104,06",9597500
3/01/2024 16:00:00,"103,3","103,38","101,74","102,46",9455569
4/01/2024 16:00:00,"102,77","103,36","102,4","102,59",6822299
5/01/2024 16:00:00,"102,53","103,72","102,29","102,73",6133770
8/01/2024 16:00:00,"102,94","104,77","102,13","104,66",7038658
9/01/2024 16:00:00,"103,85","104,48","103,29","103,63",6725200
10/01/2024 16:00:00,"103,09","104,07","102,72","103,92",7270545
11/01/2024 16:00:00,"104,35","104,84","103,54","104,77",6118998
12/01/2024 16:00:00,"105,1","106,7","104,97","106,6",9703848
16/01/2024 16:00:00,"106,41","106,66","105,42","106,57",7547241
17/01/2024 16:00:00,"106,46","107,5","105,68","106,43",7771460
18/01/2024 16:00:00,"106,99","108,88","106,62","108,7",10362279
19/01/2024 16:00:00,"109,32","110,22","109,02","109,67",11163772
22/01/2024 16:00:00,"110,06","110,69","109,27","110,1",7485307
23/01/2024 16:00:00,"110,29","112,68","109,56","111,83",9185921
24/01/2024 16:00:00,"113,42","115,42","113,33","114,31",11702698
25/01/2024 16:00:00,"114,89","116,18","114,35",115,8877205
26/01/2024 16:00:00,"114,64","115,48","114,27","114,64",5541900
29/01/2024 16:00:00,"114,19","114,59","113,01","113,75",7014424
30/01/2024 16:00:00,"113,36","114,4","112,63","114,16",8231882
31/01/2024 16:00:00,"113,81","114,27","111,67","111,7",7386705
1/02/2024 16:00:00,"112,91","115,78","112,55","115,53",7882168
2/02/2024 16:00:00,"115,82","116,49","115,16","115,79",6499594
5/02/2024 16:00:00,"115,53","116,72","114,77","116,39",8084508
6/02/2024 16:00:00,"116,74","116,95","114,98","115,3",4639268
7/02/2024 16:00:00,"115,8","117,59","115,3","117,27",7672882
8/02/2024 16:00:00,"117,09","117,79","115,97","116,68",4472770
9/02/2024 16:00:00,"117,06","117,34","115,73","116,64",5787142
12/02/2024 16:00:00,"116,26","117,1","115,38","115,84",5439629
13/02/2024 16:00:00,"113,79","114,21",113,"113,68",8171722
14/02/2024 16:00:00,"114,32","114,72","113,53","114,26",5946116
15/02/2024 16:00:00,"114,25","114,31","112,57","112,78",8455623
16/02/2024 16:00:00,"113,02","113,11","111,25","111,31",8936016
20/02/2024 16:00:00,"110,54","110,77","107,68","108,45",10975638
21/02/2024 16:00:00,"106,76","108,38","106,51","108,16",7867610
22/02/2024 16:00:00,"111,49","111,89","109,66","111,01",8957789
23/02/2024 16:00:00,112,"113,37","111,71","111,95",7504506
26/02/2024 16:00:00,112,"112,54","110,93","110,97",6342943
27/02/2024 16:00:00,"110,62","111,51","109,79","111,38",6593144
28/02/2024 16:00:00,"111,26","112,02","111,1","111,68",5278179
29/02/2024 16:00:00,"111,68","112,44","110,64","111,68",12193860
1/03/2024 16:00:00,"111,68","113,94","111,52","113,78",7605145
4/03/2024 16:00:00,"113,58","114,6","113,39","114,06",6588062
5/03/2024 16:00:00,"112,82","113,2","110,37","110,94",8241978
6/03/2024 16:00:00,"111,5","113,05","110,67","112,27",6706372
7/03/2024 16:00:00,"113,94","114,8","112,29","114,54",7670135
8/03/2024 16:00:00,"114,07","114,33","111,54","112,42",8312943
11/03/2024 16:00:00,"111,61","114,75","111,18","114,13",20438335
12/03/2024 16:00:00,"126,26","129,37","124,6","127,54",48536077
13/03/2024 16:00:00,128,"128,8","124,83","125,52",15870346
14/03/2024 16:00:00,"127,23","127,8","124,94","125,53",10965902
15/03/2024 16:00:00,"124,04","126,01","123,56","125,54",17844884
18/03/2024 16:00:00,"127,2","128,95","126,88","127,8",12231423
19/03/2024 16:00:00,"127,75","129,21","126,49","129,19",10220950
20/03/2024 16:00:00,"129,98","130,69","128,27","129,24",8373330
21/03/2024 16:00:00,"130,52","132,77","128,95","129,01",17842357
22/03/2024 16:00:00,"129,01","129,21","127,55","127,79",6659950
25/03/2024 16:00:00,"127,67","127,67","126,05","126,08",7446068
26/03/2024 16:00:00,"126,75","126,94","125,84","126,47",7063930
27/03/2024 16:00:00,"127,33","127,82","124,47","125,27",8115884
28/03/2024 16:00:00,"125,39","126,17","125,2","125,61",6587431
1/04/2024 16:00:00,"125,54","126,27","124,56","125,48",4133571
2/04/2024 16:00:00,"124,51","124,93","123,43","124,34",4862415
3/04/2024 16:00:00,"124,26","126,41","124,06","126,24",7429977
4/04/2024 16:00:00,"127,6","127,99","124,03","124,19",7588298
5/04/2024 16:00:00,"124,42",126,"124,14","124,9",4899499
8/04/2024 16:00:00,125,"125,12","123,76","124,35",6119225
9/04/2024 16:00:00,"124,35","124,75","121,24","123,23",5564905
10/04/2024 16:00:00,"121,35","123,08","121,32","121,75",4509869
11/04/2024 16:00:00,"121,72","123,82","121,36","123,24",7315241
12/04/2024 16:00:00,"121,74","121,84","120,42","121,11",6196877
15/04/2024 16:00:00,"122,18","122,47","119,44","119,88",5101455
16/04/2024 16:00:00,"120,09","121,44","119,75","120,62",6999959
17/04/2024 16:00:00,"120,98","121,04","118,61","118,67",5366587
18/04/2024 16:00:00,"118,76","118,76","115,7",116,6662406
19/04/2024 16:00:00,"116,12","116,77","114,46","114,88",8251495
22/04/2024 16:00:00,"116,03","116,34","114,34","114,53",7125490
23/04/2024 16:00:00,"115,17","115,86","114,75","115,09",5494823
24/04/2024 16:00:00,"115,38","115,73","113,88","115,34",5791761
25/04/2024 16:00:00,"113,63","114,99","112,78","114,89",6796627
26/04/2024 16:00:00,"117,04","119,21","116,15","117,21",8355111
29/04/2024 16:00:00,"116,99","117,31","115,29","116,49",5190565
30/04/2024 16:00:00,"115,09","115,52","113,69","113,75",6234710
1/05/2024 16:00:00,"113,91","116,76","113,65","114,63",5583638
2/05/2024 16:00:00,"115,23","115,81","114,26","114,96",5001045
3/05/2024 16:00:00,"115,98","116,21","115,07","115,8",4484976
6/05/2024 16:00:00,"116,33","118,36","116,18","118,34",6052397
7/05/2024 16:00:00,118,"119,13","117,29","117,93",6437743
8/05/2024 16:00:00,"117,71","117,98","117,11","117,39",4635960
9/05/2024 16:00:00,"117,39","117,73","116,5","116,64",3236316
10/05/2024 16:00:00,"117,15","117,63","115,91","116,67",4122531
13/05/2024 16:00:00,"117,13","117,19","116,2","116,37",4139953
14/05/2024 16:00:00,"116,5","122,55","116,13","120,87",17811221
15/05/2024 16:00:00,"120,17","122,09","119,67","121,63",6604632
16/05/2024 16:00:00,"121,94","122,45","121,21","122,16",5159256
17/05/2024 16:00:00,"123,18","123,58","122,08","123,5",6179367
20/05/2024 16:00:00,"123,8","124,68","123,24","124,52",5989022
21/05/2024 16:00:00,"124,46","125,36","123,92","124,63",5549456
22/05/2024 16:00:00,"124,63","125,16","123,3","124,6",5705042
23/05/2024 16:00:00,"126,55","126,7","123,16","124,09",6108584
24/05/2024 16:00:00,"123,42","123,51","121,42","122,91",7173435
28/05/2024 16:00:00,"123,24","124,82","123,01","124,49",6911394
29/05/2024 16:00:00,"122,99","123,92","122,77","123,74",4735091
30/05/2024 16:00:00,"120,17","121,44","117,03","117,09",10851552
31/05/2024 16:00:00,"116,59","117,42","114,55","117,19",12755639
3/06/2024 16:00:00,"117,53","119,33","117,34","119,28",7256308
4/06/2024 16:00:00,"119,02","120,37","118,72","120,07",7367975
5/06/2024 16:00:00,"121,65","122,79","120,51","122,63",5973706
6/06/2024 16:00:00,"122,88","124,27","122,25","123,5",7347249
7/06/2024 16:00:00,"124,21","126,22","123,27","125,92",11544957
10/06/2024 16:00:00,"125,73","126,95","124,05","124,5",10190447
11/06/2024 16:00:00,"124,05","124,83","122,29","123,88",18373935
12/06/2024 16:00:00,"134,69","140,96","133,96","140,38",40871317
13/06/2024 16:00:00,"140,43","142,4","138,77","139,85",13733247
14/06/2024 16:00:00,"139,26","139,97","137,38","138,13",11330789
17/06/2024 16:00:00,"138,8","141,44","138,25","141,31",11232754
18/06/2024 16:00:00,"141,22","145,06","141,22","144,64",11629395
20/06/2024 16:00:00,"145,32","145,32","141,95","142,91",8940005
21/06/2024 16:00:00,"143,72","143,72","140,44","141,5",14930875
24/06/2024 16:00:00,140,"141,53","139,12","139,89",7793293
25/06/2024 16:00:00,139,"139,55","137,56","139,17",8469641
26/06/2024 16:00:00,"139,49","140,75","138,08","138,23",8036309
27/06/2024 16:00:00,"139,25","141,42","138,81","140,18",7518199
28/06/2024 16:00:00,"139,44","142,82","139,27","141,2",25814821
1/07/2024 16:00:00,"141,69","144,06","141,07","143,09",6552353
2/07/2024 16:00:00,"142,63","144,22","142,55","143,28",5920529
3/07/2024 13:00:00,"143,75","144,65","143,5","144,38",3560778
5/07/2024 16:00:00,"144,95","145,79","144,02","144,83",5365527
8/07/2024 16:00:00,"144,76","145,23","143,43","145,03",8622633
9/07/2024 16:00:00,"145,13","145,7",138,"140,68",14340040
10/07/2024 16:00:00,"141,12","142,38","139,74","142,07",6350258
11/07/2024 16:00:00,"142,36","143,48","141,68","142,76",5246402
12/07/2024 16:00:00,"142,71","145,13","141,26","144,77",7361770
15/07/2024 16:00:00,"145,73","146,59","141,92","143,07",8687837
16/07/2024 16:00:00,"143,07","143,5","142,05","142,61",7181470
17/07/2024 16:00:00,"140,48","141,79","138,68","139,26",9157003
18/07/2024 16:00:00,"139,36","140,06","137,2","138,03",5998726
19/07/2024 16:00:00,"138,35","140,44","138,08","138,56",6111941
22/07/2024 16:00:00,"139,74","140,68","139,12","140,17",5387176
23/07/2024 16:00:00,"141,3","143,22","141,21","143,11",6697410
24/07/2024 16:00:00,"141,7","142,66","138,4","138,77",8018807
25/07/2024 16:00:00,"140,15","141,07","137,7","137,82",7654625
26/07/2024 16:00:00,"138,87","139,96","138,38","139,01",5139377
29/07/2024 16:00:00,"139,27","139,78","137,82","138,31",4054647
30/07/2024 16:00:00,"139,07","139,57","134,96","135,67",6505701
31/07/2024 16:00:00,"139,69","141,55","138,66","139,45",7188043
1/08/2024 16:00:00,"139,29","140,39","135,77","137,51",5906808
2/08/2024 16:00:00,"132,77","134,3","131,8","133,28",8251585
5/08/2024 16:00:00,"127,89","129,97","126,66","127,86",10354987
6/08/2024 16:00:00,"130,54","131,04","128,08","128,21",8373891
7/08/2024 16:00:00,"128,92","130,3","125,75","125,9",8617652
8/08/2024 16:00:00,128,"129,82","127,65","128,96",6243219
9/08/2024 16:00:00,"128,4","132,37","128,34","132,06",5597278
12/08/2024 16:00:00,"132,25","132,71","131,21","132,58",5600826
13/08/2024 16:00:00,"132,97","134,54","132,81","134,26",4324038
14/08/2024 16:00:00,"134,04","135,97","134,01","135,6",4044630
15/08/2024 16:00:00,"136,93","137,25","135,72","136,93",4698128
16/08/2024 16:00:00,"136,79","137,82","136,39","137,47",4893787
19/08/2024 16:00:00,"137,53","137,95","136,46","137,92",3641585
20/08/2024 16:00:00,"137,82","139,79","137,82","139,17",3738261
21/08/2024 16:00:00,"138,8","140,3","138,55","140,2",3776768
22/08/2024 16:00:00,"140,7","141,08","137,65","138,08",5162189
23/08/2024 16:00:00,"138,73","139,79","137,26","139,19",4544571
26/08/2024 16:00:00,"139,39","139,4","138,19","138,9",2729605
27/08/2024 16:00:00,"137,85","139,5","137,74","138,48",3872342
28/08/2024 16:00:00,"138,83","138,95","136,91","137,88",3022639
29/08/2024 16:00:00,"139,14","141,16","138,85","139,42",4588361
30/08/2024 16:00:00,"140,33","141,72","140,1","141,29",7980679
3/09/2024 16:00:00,"140,45","142,2","138,83","139,5",6831174
4/09/2024 16:00:00,"138,44","141,1","137,95","140,75",6243325
5/09/2024 16:00:00,"141,4","143,28","140,31","142,61",8733246
6/09/2024 16:00:00,"143,79","143,94","139,4","141,81",11154796
9/09/2024 16:00:00,"142,49","143,3","139,51","139,89",20233428
10/09/2024 16:00:00,"154,23","160,52","153,12","155,89",37374210
11/09/2024 16:00:00,"156,78","159,44","154,84","157,18",12630122
12/09/2024 16:00:00,"159,04","162,34","157,9","161,38",16352048
13/09/2024 16:00:00,"173,7","173,94",161,"162,03",25727805
16/09/2024 16:00:00,"164,99","173,99","164,51","170,33",27384374
17/09/2024 16:00:00,"170,28","170,64","166,77","167,47",12580114
18/09/2024 16:00:00,"167,62","167,62","163,73","164,53",12274414
19/09/2024 16:00:00,"167,25","168,16","164,51","167,59",10075884
20/09/2024 16:00:00,"167,13","168,83","166,6",168,12187736
23/09/2024 16:00:00,"167,23","167,33","164,26","165,95",7916081
24/09/2024 16:00:00,"165,74","166,1","163,92","165,8",6155076
25/09/2024 16:00:00,"167,69","168,75","165,66","166,28",7142437
26/09/2024 16:00:00,"167,65","168,36","166,48","168,1",7096842
27/09/2024 16:00:00,"168,09","169,11","166,51","168,74",8974377
30/09/2024 16:00:00,"169,5","170,52","166,45","170,4",10218973
1/10/2024 16:00:00,"170,22","170,51","165,97","167,16",7595053
2/10/2024 16:00:00,"167,6","169,18","167,27","167,71",7073025
3/10/2024 16:00:00,"166,89","167,86","166,24","166,86",4735708
4/10/2024 16:00:00,"168,71","170,9","168,17","170,86",6389504
7/10/2024 16:00:00,"170,42","172,33","169,55","169,97",6790956
8/10/2024 16:00:00,"170,6","174,64","170,44","174,37",7845377
9/10/2024 16:00:00,"174,56","178,61","173,81","178,29",8120894
10/10/2024 16:00:00,"177,65","178,3","174,18","175,41",7115887
11/10/2024 16:00:00,"175,5",177,"174,4","175,77",5869413
14/10/2024 16:00:00,"176,55","177,22","175,5","176,12",4688662
15/10/2024 16:00:00,"176,94","178,22","173,75","174,09",5848630
16/10/2024 16:00:00,"173,5","174,91","171,64","174,77",6383034
17/10/2024 16:00:00,"177,5","177,75","175,14","175,68",5473951
18/10/2024 16:00:00,"176,8","176,97","174,58","174,69",5001257
21/10/2024 16:00:00,"174,45","175,15","173,16","173,76",4198362
22/10/2024 16:00:00,"175,45","175,85","174,28","175,31",5510114
23/10/2024 16:00:00,"174,5","176,07","173,01","173,1",4830414
24/10/2024 16:00:00,"173,32","174,95","172,91","174,38",3488036
25/10/2024 16:00:00,"174,78","176,29","173,1","173,52",3674717
28/10/2024 16:00:00,"174,05","174,17","172,14","172,42",4329971
29/10/2024 16:00:00,"172,29","174,02","172,29","173,43",4122913
30/10/2024 16:00:00,"173,98","176,16","172,79","174,56",5822451
31/10/2024 16:00:00,"170,52","170,88","167,4","167,84",9477476
1/11/2024 16:00:00,"170,15","172,27","169,1","170,02",5680595
4/11/2024 16:00:00,"170,31","170,48","168,73","169,59",4804405
5/11/2024 16:00:00,"170,47","171,89","170,32","171,78",5456754
6/11/2024 16:00:00,"178,52","182,1","177,42","181,24",11084987
7/11/2024 16:00:00,"181,08","186,67","180,54","186,37",7759399
8/11/2024 16:00:00,"186,26","190,16","186,26","189,25",8520419
11/11/2024 16:00:00,"191,2","191,5","187,84","189,13",5973638
12/11/2024 16:00:00,"188,54","190,61","187,2","189,58",6629891
13/11/2024 16:00:00,189,"191,77","188,79","189,63",5695426
14/11/2024 16:00:00,"188,66","189,59","186,71","187,05",7804318
15/11/2024 16:00:00,"184,52","185,8","182,33","183,74",8986276
18/11/2024 16:00:00,"184,3","186,18","182,88","185,73",6291406
19/11/2024 16:00:00,"184,89","189,32","184,32","188,9",8116958
20/11/2024 16:00:00,"190,9","190,97","187,82","190,75",4860222
21/11/2024 16:00:00,"191,94","196,04","191,64","192,43",11394263
22/11/2024 16:00:00,193,"194,2","191,06","192,29",6879447
25/11/2024 16:00:00,"194,5","194,75","187,99","187,99",15138474
26/11/2024 16:00:00,"188,32","192,4","188,32","190,37",6427210
27/11/2024 16:00:00,"188,96","188,96","182,22","182,7",8368797
29/11/2024 13:00:00,"184,02","185,93",184,"184,84",4628044
2/12/2024 16:00:00,"185,29","185,29",181,"181,41",8859696
3/12/2024 16:00:00,"181,18","183,04","179,11","182,89",8917062
4/12/2024 16:00:00,188,"189,79","185,9","188,19",8906283
5/12/2024 16:00:00,"189,02","189,02","185,85","186,24",6398073
6/12/2024 16:00:00,187,"192,63","186,38","191,69",10503383
9/12/2024 16:00:00,"196,3","198,31","188,93","190,45",20157957
10/12/2024 16:00:00,"173,46","177,8","171,06","177,74",26502016
11/12/2024 16:00:00,178,"181,38","174,83","178,58",13188714
12/12/2024 16:00:00,178,"178,17","174,81","175,32",8154218
13/12/2024 16:00:00,175,"176,14","171,64","173,39",8351106
16/12/2024 16:00:00,"173,84","174,27","170,93","171,23",9571955
17/12/2024 16:00:00,"170,75","172,99","169,27","169,71",8940204
18/12/2024 16:00:00,"169,41","171,23","165,36","165,41",8817934
19/12/2024 16:00:00,"167,55",171,"167,4","168,79",8386394
20/12/2024 16:00:00,"167,73","171,26","165,63","169,66",13810525
23/12/2024 16:00:00,"169,59","169,62","167,17","169,14",6518229
24/12/2024 13:00:00,"169,7","171,77","169,03","171,41",2451547
26/12/2024 16:00:00,"170,5","172,55","170,5","171,68",4103882
27/12/2024 16:00:00,"170,38","171,15","167,2","168,96",4344287
30/12/2024 16:00:00,"166,51","167,91","164,55","166,91",5254833
31/12/2024 16:00:00,"167,2","167,3","165,84","166,64",4307524
2/01/2025 16:00:00,"168,52","168,69","164,9","166,03",5365667
3/01/2025 16:00:00,"166,7","167,2","165,27","166,32",5878052
6/01/2025 16:00:00,"167,31","168,05","165,19","165,69",6845373
7/01/2025 16:00:00,"165,58","166,16","161,32","162,03",7712222
8/01/2025 16:00:00,"162,18","163,98","161,43","163,14",7596214
10/01/2025 16:00:00,"159,2","159,2","153,92","154,5",13593882
13/01/2025 16:00:00,"153,74","154,15","152,42","153,92",8828492
14/01/2025 16:00:00,"156,42","157,25","154,35","156,31",7410242
15/01/2025 16:00:00,"158,67","159,15","157,26","158,31",10701234
16/01/2025 16:00:00,"160,15","161,5","158,41","159,54",9210555
17/01/2025 16:00:00,"161,77","163,16","160,54","161,03",11618283
21/01/2025 16:00:00,"163,87","173,37","162,75","172,57",30232048
22/01/2025 16:00:00,"191,51","191,99","180,57","184,22",48028518
23/01/2025 16:00:00,"181,64","186,57","181,5","186,47",17314645
24/01/2025 16:00:00,"188,64","189,1","181,87","183,6",12147180
27/01/2025 16:00:00,"168,9","172,52","152,66","158,28",42201592
28/01/2025 16:00:00,"162,99","165,83","156,75",164,20319300
29/01/2025 16:00:00,"164,03","164,03","160,01","162,02",9866583
30/01/2025 16:00:00,"164,78","171,49","164,1","170,38",14981706
31/01/2025 16:00:00,"170,41",173,"169,13","170,06",8722470
3/02/2025 16:00:00,"163,2","169,9","163,2","168,6",8250588
4/02/2025 16:00:00,"170,4","170,4","166,35","167,89",6776982
5/02/2025 16:00:00,"168,99","171,89","168,52","171,66",7866650
6/02/2025 16:00:00,173,"175,65","171,57","172,35",7036908
7/02/2025 16:00:00,175,"177,39","173,18","174,46",9991297
10/02/2025 16:00:00,176,"179,99","174,92","178,92",7625900
11/02/2025 16:00:00,"177,62","179,12","176,45","177,19",6528766
12/02/2025 16:00:00,"174,89","174,89","170,71","172,22",7454841
13/02/2025 16:00:00,173,"174,38","172,1","173,86",6421673
14/02/2025 16:00:00,"174,25","175,03","172,81","174,16",7260851
18/02/2025 16:00:00,"176,75","182,24","176,09","179,8",11430497
19/02/2025 16:00:00,"178,58","181,68","175,7","181,52",8688500
20/02/2025 16:00:00,"179,81","180,27","174,43",176,8737035
21/02/2025 16:00:00,"176,12","176,88","167,55","167,81",9713871
24/02/2025 16:00:00,"173,57","174,17","164,66","169,96",10639053
25/02/2025 16:00:00,"169,29","170,6","164,44","168,54",8316085
26/02/2025 16:00:00,"170,98","173,87","169,13","172,47",6915115
27/02/2025 16:00:00,173,"174,86","164,58","164,76",7436810
28/02/2025 16:00:00,"163,11","166,15","160,81","166,06",12843286
3/03/2025 16:00:00,"166,95","167,12","161,13","162,02",8081840
4/03/2025 16:00:00,"159,22","159,76","153,52","157,47",13171897
5/03/2025 16:00:00,"158,06","162,49","157,05","161,56",7140996
6/03/2025 16:00:00,"157,16","157,16","149,73","150,94",12321246
7/03/2025 16:00:00,"150,33","156,48","148,5","155,16",12646488
10/03/2025 16:00:00,"150,53","152,52","146,8","148,79",21486052
11/03/2025 16:00:00,"143,42","145,78","137,7","144,18",27200233
12/03/2025 16:00:00,"146,23","152,23","145,01","150,89",15373853
13/03/2025 16:00:00,"149,79","150,17","145,48","147,66",14187662
14/03/2025 16:00:00,"148,92","150,88","147,88","149,27",9329964
17/03/2025 16:00:00,"150,4","155,75","150,4","154,01",9884994
18/03/2025 16:00:00,"152,37","152,42","148,63","149,45",9402508
19/03/2025 16:00:00,"150,06","154,07",150,"152,45",6909504
20/03/2025 16:00:00,"151,58","154,49","150,82","152,72",7051615
21/03/2025 16:00:00,"151,65","153,84","150,11","152,23",17620224
24/03/2025 16:00:00,"156,34","156,6","154,03","154,87",7848332
25/03/2025 16:00:00,"154,51","155,6","153,05","153,93",8521249
26/03/2025 16:00:00,"152,89","153,03","146,56","147,8",13222521
27/03/2025 16:00:00,"145,85","147,04","144,92","145,78",9148321
28/03/2025 16:00:00,"143,78","145,65","139,11","140,87",13144486
31/03/2025 16:00:00,"138,64","140,59","136,76","139,81",15509923
1/04/2025 16:00:00,"139,76","143,25","138,76","141,94",9518457
2/04/2025 16:00:00,"139,86","147,89","139,86","145,86",11594432
3/04/2025 16:00:00,"139,25","141,4","136,64","137,23",14433768
4/04/2025 16:00:00,"132,91","133,82","126,95","128,27",14986861
7/04/2025 16:00:00,"118,86","134,11","118,86","127,16",19482652
8/04/2025 16:00:00,"132,54","132,99","121,7","124,5",11950277
9/04/2025 16:00:00,"123,4","140,59","123,4","139,69",17761994
10/04/2025 16:00:00,"136,65","136,65","129,26","133,35",12401562
11/04/2025 16:00:00,"132,11",133,"128,84","132,35",10190175
14/04/2025 16:00:00,"136,8","136,8","132,87","134,64",8217740
15/04/2025 16:00:00,"134,76","136,48","133,72","133,94",8629959
16/04/2025 16:00:00,"132,28","132,54","127,85","129,76",8295176
17/04/2025 16:00:00,"130,9","131,3","128,44","128,62",8925522
21/04/2025 16:00:00,"126,89","127,2","121,24","122,82",12201231
22/04/2025 16:00:00,"124,5","127,99","123,39","127,24",11233702
23/04/2025 16:00:00,"134,91","135,87","130,99","131,4",9528873
24/04/2025 16:00:00,"132,51","137,86",132,"137,51",7305887
25/04/2025 16:00:00,"137,49",139,"136,76","138,49",5476378
28/04/2025 16:00:00,"139,65","140,67","138,08","140,14",6985102
29/04/2025 16:00:00,"139,81","141,16","139,55","140,79",4851458
30/04/2025 16:00:00,"138,48","141,3","135,57","140,72",9443538
1/05/2025 16:00:00,"146,56","148,64","145,34","145,49",11525751
2/05/2025 16:00:00,"148,33","153,06","148,33","150,73",11345977
5/05/2025 16:00:00,"149,44","150,82","148,52","149,29",5187449
6/05/2025 16:00:00,"146,98","148,94","145,72","147,7",5108595
7/05/2025 16:00:00,"147,5","149,9","147,24","149,37",6051937
8/05/2025 16:00:00,"149,05","151,81","148,61","150,3",6113612
9/05/2025 16:00:00,"150,04","151,8","149,79","150,34",4707130
12/05/2025 16:00:00,"156,31","157,43","154,42","157,22",7875461
13/05/2025 16:00:00,"158,22","163,22","157,57","162,27",11955157
14/05/2025 16:00:00,"162,36","163,41","161,06","162,95",7499392
15/05/2025 16:00:00,"161,36","161,74","158,91","159,4",10169217
16/05/2025 16:00:00,160,"160,84","158,52","160,49",8515458
19/05/2025 16:00:00,"158,3","161,97","157,83","159,64",10268917
20/05/2025 16:00:00,"158,63","160,36","157,53","160,31",7576418
21/05/2025 16:00:00,"158,35","160,9","156,46","157,18",6011038
22/05/2025 16:00:00,"156,98","159,19","156,82","157,31",7603261
23/05/2025 16:00:00,"154,99","157,38","154,26","155,97",6527516
27/05/2025 16:00:00,"159,32","162,4","158,92","161,91",6976813
28/05/2025 16:00:00,"161,87","164,32","161,28","163,85",8090652
29/05/2025 16:00:00,165,"165,32","161,49","162,9",6995831
30/05/2025 16:00:00,"162,86","165,75","161,55","165,53",17547858
2/06/2025 16:00:00,"164,17",167,"162,6","166,57",7165969
3/06/2025 16:00:00,"166,8","169,33","166,59","169,14",7155281
4/06/2025 16:00:00,"169,71","170,48","167,57","168,1",6375793
5/06/2025 16:00:00,169,"172,26","168,76","171,14",7710284
6/06/2025 16:00:00,174,"174,79","172,66","174,02",6833674
9/06/2025 16:00:00,"174,86","178,72","173,79","177,15",9668911
10/06/2025 16:00:00,"177,71","177,85","174,28","177,48",11056716
11/06/2025 16:00:00,"177,55","179,55","176,2","176,38",18002910
12/06/2025 16:00:00,"189,96","202,49","188,88","199,86",54609995
13/06/2025 16:00:00,"201,58","216,6","201,2","215,22",53707361
16/06/2025 16:00:00,"213,2","215,17","209,98","211,1",22665299
17/06/2025 16:00:00,"210,66","215,88","207,48","208,18",17819162
18/06/2025 16:00:00,"211,09","214,72","209,57","210,87",15055390
20/06/2025 16:00:00,"213,35","213,8","204,64","205,17",20879095
23/06/2025 16:00:00,"205,51","207,27","202,54","207,04",13418393
24/06/2025 16:00:00,"209,99","216,37","208,55","215,27",19030617
25/06/2025 16:00:00,"214,94","216,93","210,23","210,72",11804604
26/06/2025 16:00:00,212,"214,42","210,36","212,82",10531112
27/06/2025 16:00:00,"213,69","214,65","209,96","210,24",14127502
30/06/2025 16:00:00,"226,5","228,22","218,38","218,63",31844231
1/07/2025 16:00:00,"219,3","223,17","216,31","218,96",16962196
2/07/2025 16:00:00,"217,68","231,9","216,72","229,98",22326900
3/07/2025 13:00:00,"233,22","237,99","231,2","237,32",18441376
7/07/2025 16:00:00,"235,11","235,25","229,5","232,26",16584266
8/07/2025 16:00:00,"237,13","241,44","233,19","234,5",20401777
9/07/2025 16:00:00,"235,51","236,51",232,"235,81",10871629
10/07/2025 16:00:00,"239,94","240,06","233,5",235,11486345
11/07/2025 16:00:00,"231,37",234,"229,87","230,56",10208178
14/07/2025 16:00:00,"229,45","230,64","225,12","229,28",11336967
15/07/2025 16:00:00,"232,41","235,6","229,2","234,96",10728795
16/07/2025 16:00:00,"235,5","241,33","233,19","241,3",12597452
17/07/2025 16:00:00,"243,34","251,6","242,01","248,75",17631328
18/07/2025 16:00:00,"248,5","249,68",245,"245,45",9678072
21/07/2025 16:00:00,"245,31","246,8","243,24","243,54",7348362
22/07/2025 16:00:00,"241,98","242,29","235,41","238,11",11380866
23/07/2025 16:00:00,"239,95","243,42","238,66","241,9",7255797
24/07/2025 16:00:00,"242,41","244,08","240,56","242,83",8237851
25/07/2025 16:00:00,"242,34","245,47","241,43","245,12",7149571
28/07/2025 16:00:00,246,"247,78","243,42","247,71",6756775
29/07/2025 16:00:00,"248,7","253,07","246,59","249,98",8415324
30/07/2025 16:00:00,"248,64","251,05","245,6","250,6",8441378
31/07/2025 16:00:00,"255,77","260,87","253,32","253,77",15548726
1/08/2025 16:00:00,"247,83","248,41",242,"244,42",12718218
4/08/2025 16:00:00,"245,9","252,91","245,9","252,53",8614784
5/08/2025 16:00:00,"255,41","258,49","251,37","255,67",11197287
6/08/2025 16:00:00,"256,84","256,84","251,72","256,43",9930222
7/08/2025 16:00:00,"257,71","257,76","246,52","249,39",11954223
8/08/2025 16:00:00,"250,03","250,89","247,86","250,05",8313278
11/08/2025 16:00:00,"248,4","254,69","245,56","252,68",9012112
12/08/2025 16:00:00,"252,58","257,87","251,08","253,86",10001712
13/08/2025 16:00:00,"257,17","257,67","242,64","244,18",14182078
14/08/2025 16:00:00,"244,95","248,92","242,57","244,96",10285555
15/08/2025 16:00:00,"246,92","250,63","242,93","248,28",11553988
18/08/2025 16:00:00,"246,22","249,16","243,62","249,07",6759921
19/08/2025 16:00:00,"249,25","249,25","232,23","234,62",16819250
20/08/2025 16:00:00,"232,18","235,88","228,25","235,06",11256417
21/08/2025 16:00:00,"233,05","235,92","232,43","233,16",7403128
22/08/2025 16:00:00,"234,06","238,5","231,46","236,37",9343637
25/08/2025 16:00:00,"237,35","239,03","235,27","235,41",6308625
26/08/2025 16:00:00,235,"236,91","232,71","234,21",11805197
27/08/2025 16:00:00,235,"236,53","232,68","235,81",5637590
28/08/2025 16:00:00,"235,54","241,95","235,12","240,32",8691548
29/08/2025 16:00:00,"237,61","238,22","223,11","226,13",16618641
2/09/2025 16:00:00,222,"225,45","218,79","225,3",10461903
3/09/2025 16:00:00,"225,9","225,9","221,75","223,45",8900813
4/09/2025 16:00:00,222,"223,57","219,56",223,10303069
5/09/2025 16:00:00,"232,55","234,62","225,89","232,8",15386096
8/09/2025 16:00:00,"239,89","242,42","235,31","238,48",18803046
9/09/2025 16:00:00,"239,94","243,49","234,56","241,51",41178697
10/09/2025 16:00:00,"319,19","345,72","312,09","328,33",131618085
11/09/2025 16:00:00,"330,34",331,"304,6","307,86",69986027
12/09/2025 16:00:00,"305,79","307,97","291,75","292,18",51781914
15/09/2025 16:00:00,"306,45","307,03","297,29","302,14",40004004
16/09/2025 16:00:00,"314,06","319,97","302,27","306,65",51923268
17/09/2025 16:00:00,"307,69","308,66","295,03","301,41",27707949
18/09/2025 16:00:00,"303,04","303,82",292,"296,62",24673116
19/09/2025 16:00:00,299,"311,11","297,32","308,66",40776201
22/09/2025 16:00:00,"309,63","329,5","306,92","328,15",44437549
23/09/2025 16:00:00,324,325,"310,05","313,83",35280199
24/09/2025 16:00:00,"311,86","312,47","300,03","308,46",33765279
25/09/2025 16:00:00,"295,27","298,75","288,55","291,33",39274883
26/09/2025 16:00:00,293,294,283,"283,46",25990691
29/09/2025 16:00:00,"284,6","285,98","279,61","282,76",25778508
30/09/2025 16:00:00,"283,69",284,"275,9","281,24",23880810
1/10/2025 16:00:00,"278,8","289,99","277,88","289,01",23378324
2/10/2025 16:00:00,"291,8","294,97","286,05","288,78",16215460
3/10/2025 16:00:00,"289,6","294,64",284,"286,14",13688407
6/10/2025 16:00:00,"292,38","296,68","290,8","291,59",14076795
7/10/2025 16:00:00,"293,22","293,22",271,"284,24",31723384
8/10/2025 16:00:00,"285,42","291,53","283,6","288,63",18982122
9/10/2025 16:00:00,"291,55","300,97","287,26","296,96",26479833
10/10/2025 16:00:00,"300,28","307,72","292,01","292,96",28895338
13/10/2025 16:00:00,"298,7","310,7","297,74","308,01",21703725
14/10/2025 16:00:00,"303,57","304,42","291,98",299,17346186
15/10/2025 16:00:00,"304,9","311,01","298,92","303,62",13698938
16/10/2025 16:00:00,"305,6","322,54","303,07",313,32500863
17/10/2025 16:00:00,"303,75","304,28","287,5","291,31",37653000
20/10/2025 16:00:00,"288,95","289,24","275,31","277,18",32810748
21/10/2025 16:00:00,"278,11","280,3","272,26","275,15",18370806
22/10/2025 16:00:00,"274,82","277,2","269,25","272,66",16474016
23/10/2025 16:00:00,"272,96","283,1","272,39","280,07",16872158
24/10/2025 16:00:00,"285,92","287,19","282,25","283,33",13194896
27/10/2025 16:00:00,"286,57",287,"279,81","281,4",13855836
28/10/2025 16:00:00,283,"285,46","280,54","280,83",12448523
29/10/2025 16:00:00,"281,46","281,62","271,35","275,3",18007149
30/10/2025 16:00:00,"268,74","269,76","256,28","256,89",27954197
31/10/2025 16:00:00,"259,51","265,81","256,71","262,61",16898693
3/11/2025 16:00:00,"265,24","265,62","255,23","257,85",15709214
4/11/2025 16:00:00,"249,98","255,28","245,19","248,17",19772593
5/11/2025 16:00:00,"247,91","252,4","247,03","250,31",11991459
6/11/2025 16:00:00,"247,94","249,07","239,29","243,8",18678269
7/11/2025 16:00:00,239,"240,4","232,35","239,26",20969260
10/11/2025 16:00:00,"245,95","247,24","237,07","240,83",16698716
11/11/2025 16:00:00,"236,23","237,45","228,89","236,15",20686607
12/11/2025 16:00:00,"236,74","236,81","226,17","226,99",24194992
13/11/2025 16:00:00,"224,99","225,16","215,22","217,57",30008998
14/11/2025 16:00:00,"210,83","227,05","210,77","222,85",36053807
17/11/2025 16:00:00,"218,21","222,8","215,56","219,86",16143779
18/11/2025 16:00:00,"216,21","223,7","214,5","220,49",21098291
19/11/2025 16:00:00,"219,06","228,15","217,31","225,53",21679490
20/11/2025 16:00:00,"231,16",234,"210,3","210,69",27459600
21/11/2025 16:00:00,"207,08","208,31","193,55","198,76",44834071